{"stats":{"minecraft:custom":{"minecraft:jump":2,"minecraft:intelligence":0,"minecraft:time_since_rest":296,"minecraft:energy":50,"minecraft:blood":0,"minecraft:magic_shield":0,"minecraft:leave_game":1,"minecraft:health":70,"minecraft:sprint_one_cm":757,"minecraft:play_time":296,"minecraft:move_speed":0,"minecraft:time_since_death":296,"minecraft:walk_one_cm":605,"minecraft:strength":0,"minecraft:total_world_time":6488,"minecraft:mana":50,"minecraft:fly_one_cm":70,"minecraft:dexterity":0}},"DataVersion":3465}