{
  "notreepunching:clay_tool": {
    "criteria": {
      "has_the_recipe": "2024-05-26 10:27:43 -0500"
    },
    "done": true
  },
  "notreepunching:stonecutting/granite_cobblestone_stairs": {
    "criteria": {
      "has_the_recipe": "2024-05-26 10:27:43 -0500"
    },
    "done": true
  },
  "notreepunching:sticks_from_logs_with_saw": {
    "criteria": {
      "has_the_recipe": "2024-05-26 10:27:43 -0500"
    },
    "done": true
  },
  "idas:idas_root": {
    "criteria": {
      "always": "2024-05-26 10:27:45 -0500"
    },
    "done": true
  },
  "takesapillage:root": {
    "criteria": {
      "always": "2024-05-26 10:27:45 -0500"
    },
    "done": true
  },
  "incendium:technical/sentrys_wrath": {
    "criteria": {
      "log_spam_fixer": "2024-05-26 10:27:47 -0500"
    },
    "done": false
  },
  "notreepunching:stonecutting/diorite_cobblestone_stairs": {
    "criteria": {
      "has_the_recipe": "2024-05-26 10:27:43 -0500"
    },
    "done": true
  },
  "incendium:technical/inventory/sentrys_wrath": {
    "criteria": {
      "log_spam_fixer": "2024-05-26 10:27:47 -0500"
    },
    "done": false
  },
  "notreepunching:diamond_saw": {
    "criteria": {
      "has_the_recipe": "2024-05-26 10:27:43 -0500"
    },
    "done": true
  },
  "notreepunching:flint_pickaxe": {
    "criteria": {
      "has_the_recipe": "2024-05-26 10:27:43 -0500"
    },
    "done": true
  },
  "notreepunching:sandstone_from_rocks": {
    "criteria": {
      "has_the_recipe": "2024-05-26 10:27:43 -0500"
    },
    "done": true
  },
  "notreepunching:netherite_mattock": {
    "criteria": {
      "has_the_recipe": "2024-05-26 10:27:43 -0500"
    },
    "done": true
  },
  "notreepunching:granite_cobblestone_slab": {
    "criteria": {
      "has_the_recipe": "2024-05-26 10:27:43 -0500"
    },
    "done": true
  },
  "notreepunching:andesite_cobblestone_wall": {
    "criteria": {
      "has_the_recipe": "2024-05-26 10:27:43 -0500"
    },
    "done": true
  },
  "notreepunching:diorite_cobblestone_from_rocks": {
    "criteria": {
      "has_the_recipe": "2024-05-26 10:27:43 -0500"
    },
    "done": true
  },
  "notreepunching:leather_from_chestplate_with_knife": {
    "criteria": {
      "has_the_recipe": "2024-05-26 10:27:43 -0500"
    },
    "done": true
  },
  "notreepunching:andesite_cobblestone_from_rocks": {
    "criteria": {
      "has_the_recipe": "2024-05-26 10:27:43 -0500"
    },
    "done": true
  },
  "notreepunching:leather_from_helmet_with_knife": {
    "criteria": {
      "has_the_recipe": "2024-05-26 10:27:43 -0500"
    },
    "done": true
  },
  "notreepunching:red_sandstone_from_rocks": {
    "criteria": {
      "has_the_recipe": "2024-05-26 10:27:43 -0500"
    },
    "done": true
  },
  "notreepunching:diorite_cobblestone_slab": {
    "criteria": {
      "has_the_recipe": "2024-05-26 10:27:43 -0500"
    },
    "done": true
  },
  "notreepunching:diamond_mattock": {
    "criteria": {
      "has_the_recipe": "2024-05-26 10:27:43 -0500"
    },
    "done": true
  },
  "notreepunching:sticks_from_planks_with_saw": {
    "criteria": {
      "has_the_recipe": "2024-05-26 10:27:43 -0500"
    },
    "done": true
  },
  "create:root": {
    "criteria": {
      "0": "2024-05-26 10:27:43 -0500"
    },
    "done": true
  },
  "incendium:technical/feed_ghastling": {
    "criteria": {
      "log_spam_fixer": "2024-05-26 10:27:47 -0500"
    },
    "done": false
  },
  "notreepunching:clay_brick_from_balls": {
    "criteria": {
      "has_the_recipe": "2024-05-26 10:27:43 -0500"
    },
    "done": true
  },
  "majruszsdifficulty:game_stage_normal": {
    "criteria": {
      "is_triggered": "2024-05-26 10:27:43 -0500"
    },
    "done": true
  },
  "notreepunching:string_from_web_with_knife": {
    "criteria": {
      "has_the_recipe": "2024-05-26 10:27:43 -0500"
    },
    "done": true
  },
  "notreepunching:flint_hoe": {
    "criteria": {
      "has_the_recipe": "2024-05-26 10:27:43 -0500"
    },
    "done": true
  },
  "notreepunching:melon_slices_with_knife": {
    "criteria": {
      "has_the_recipe": "2024-05-26 10:27:43 -0500"
    },
    "done": true
  },
  "notreepunching:clay_brick_from_blocks": {
    "criteria": {
      "has_the_recipe": "2024-05-26 10:27:43 -0500"
    },
    "done": true
  },
  "notreepunching:macuahuitl": {
    "criteria": {
      "has_the_recipe": "2024-05-26 10:27:43 -0500"
    },
    "done": true
  },
  "notreepunching:gold_knife": {
    "criteria": {
      "has_the_recipe": "2024-05-26 10:27:43 -0500"
    },
    "done": true
  },
  "1_splatus:ultris/root": {
    "criteria": {
      "c1": "2024-05-26 10:27:45 -0500"
    },
    "done": true
  },
  "incendium:technical/on_player_hurt": {
    "criteria": {
      "log_spam_fixer": "2024-05-26 10:27:47 -0500"
    },
    "done": false
  },
  "notreepunching:iron_mattock": {
    "criteria": {
      "has_the_recipe": "2024-05-26 10:27:43 -0500"
    },
    "done": true
  },
  "notreepunching:flint_shovel": {
    "criteria": {
      "has_the_recipe": "2024-05-26 10:27:43 -0500"
    },
    "done": true
  },
  "repurposed_structures:root": {
    "criteria": {
      "always": "2024-05-26 10:27:45 -0500"
    },
    "done": true
  },
  "naturescompass:natures_compass": {
    "criteria": {
      "has_recipe": "2024-05-26 10:27:43 -0500"
    },
    "done": true
  },
  "mekanism:root": {
    "criteria": {
      "automatic": "2024-05-26 10:27:43 -0500"
    },
    "done": true
  },
  "notreepunching:cobblestone_from_rocks": {
    "criteria": {
      "has_the_recipe": "2024-05-26 10:27:43 -0500"
    },
    "done": true
  },
  "incendium:technical/firestorm": {
    "criteria": {
      "log_spam_fixer": "2024-05-26 10:27:47 -0500"
    },
    "done": false
  },
  "notreepunching:stonecutting/andesite_cobblestone_stairs": {
    "criteria": {
      "has_the_recipe": "2024-05-26 10:27:43 -0500"
    },
    "done": true
  },
  "notreepunching:iron_saw": {
    "criteria": {
      "has_the_recipe": "2024-05-26 10:27:43 -0500"
    },
    "done": true
  },
  "notreepunching:granite_cobblestone_from_rocks": {
    "criteria": {
      "has_the_recipe": "2024-05-26 10:27:43 -0500"
    },
    "done": true
  },
  "notreepunching:leather_from_boots_with_knife": {
    "criteria": {
      "has_the_recipe": "2024-05-26 10:27:43 -0500"
    },
    "done": true
  },
  "notreepunching:plant_fiber_from_saplings_with_knife": {
    "criteria": {
      "has_the_recipe": "2024-05-26 10:27:43 -0500"
    },
    "done": true
  },
  "incendium:technical/inventory/firestorm": {
    "criteria": {
      "log_spam_fixer": "2024-05-26 10:27:47 -0500"
    },
    "done": false
  },
  "betterdeserttemples:root": {
    "criteria": {
      "always": "2024-05-26 10:27:45 -0500"
    },
    "done": true
  },
  "notreepunching:plant_fiber_from_leaves_with_knife": {
    "criteria": {
      "has_the_recipe": "2024-05-26 10:27:43 -0500"
    },
    "done": true
  },
  "cataclysm:root": {
    "criteria": {
      "custom_test_name": "2024-05-26 10:27:45 -0500"
    },
    "done": true
  },
  "notreepunching:andesite_cobblestone_slab": {
    "criteria": {
      "has_the_recipe": "2024-05-26 10:27:43 -0500"
    },
    "done": true
  },
  "notreepunching:plant_fiber_from_vines_with_knife": {
    "criteria": {
      "has_the_recipe": "2024-05-26 10:27:43 -0500"
    },
    "done": true
  },
  "notreepunching:plant_fiber_from_cactus_with_knife": {
    "criteria": {
      "has_the_recipe": "2024-05-26 10:27:43 -0500"
    },
    "done": true
  },
  "incendium:technical/new_player": {
    "criteria": {
      "requirement": "2024-05-26 10:27:45 -0500"
    },
    "done": true
  },
  "incendium:technical/give_ghastling": {
    "criteria": {
      "log_spam_fixer": "2024-05-26 10:27:47 -0500"
    },
    "done": false
  },
  "incendium:technical/on_kill": {
    "criteria": {
      "log_spam_fixer": "2024-05-26 10:27:47 -0500"
    },
    "done": false
  },
  "notreepunching:diorite_cobblestone_wall": {
    "criteria": {
      "has_the_recipe": "2024-05-26 10:27:43 -0500"
    },
    "done": true
  },
  "notreepunching:granite_cobblestone_stairs": {
    "criteria": {
      "has_the_recipe": "2024-05-26 10:27:43 -0500"
    },
    "done": true
  },
  "incendium:technical/scroll_of_returning": {
    "criteria": {
      "log_spam_fixer": "2024-05-26 10:27:47 -0500"
    },
    "done": false
  },
  "incendium:technical/multiplex_crossbow": {
    "criteria": {
      "log_spam_fixer": "2024-05-26 10:27:47 -0500"
    },
    "done": false
  },
  "incendium:technical/using/ragnarok": {
    "criteria": {
      "log_spam_fixer": "2024-05-26 10:27:47 -0500"
    },
    "done": false
  },
  "notreepunching:plant_fiber_from_small_flowers_with_knife": {
    "criteria": {
      "has_the_recipe": "2024-05-26 10:27:43 -0500"
    },
    "done": true
  },
  "dungeons_arise:wda_root": {
    "criteria": {
      "WDA": "2024-05-26 10:27:45 -0500"
    },
    "done": true
  },
  "notreepunching:diorite_cobblestone_stairs": {
    "criteria": {
      "has_the_recipe": "2024-05-26 10:27:43 -0500"
    },
    "done": true
  },
  "notreepunching:gold_mattock": {
    "criteria": {
      "has_the_recipe": "2024-05-26 10:27:43 -0500"
    },
    "done": true
  },
  "notreepunching:gold_saw": {
    "criteria": {
      "has_the_recipe": "2024-05-26 10:27:43 -0500"
    },
    "done": true
  },
  "notreepunching:plant_string": {
    "criteria": {
      "has_the_recipe": "2024-05-26 10:27:43 -0500"
    },
    "done": true
  },
  "notreepunching:plant_fiber_from_tall_flowers_with_knife": {
    "criteria": {
      "has_the_recipe": "2024-05-26 10:27:43 -0500"
    },
    "done": true
  },
  "notreepunching:fire_starter": {
    "criteria": {
      "has_the_recipe": "2024-05-26 10:27:43 -0500"
    },
    "done": true
  },
  "notreepunching:plant_fiber_from_wheat_with_knife": {
    "criteria": {
      "has_the_recipe": "2024-05-26 10:27:43 -0500"
    },
    "done": true
  },
  "naturescompass:natures_compass_log": {
    "criteria": {
      "has_recipe": "2024-05-26 10:27:43 -0500"
    },
    "done": true
  },
  "notreepunching:flint_knife": {
    "criteria": {
      "has_the_recipe": "2024-05-26 10:27:43 -0500"
    },
    "done": true
  },
  "theabyss:unlockthebook": {
    "criteria": {
      "unlockthebook": "2024-05-26 10:27:43 -0500"
    },
    "done": true
  },
  "incendium:technical/on_inventory_change": {
    "criteria": {
      "log_spam_fixer": "2024-05-26 10:27:47 -0500"
    },
    "done": false
  },
  "notreepunching:granite_cobblestone_wall": {
    "criteria": {
      "has_the_recipe": "2024-05-26 10:27:43 -0500"
    },
    "done": true
  },
  "notreepunching:plant_fiber_from_sugarcane_with_knife": {
    "criteria": {
      "has_the_recipe": "2024-05-26 10:27:43 -0500"
    },
    "done": true
  },
  "naturescompass:natures_compass_sapling": {
    "criteria": {
      "has_recipe": "2024-05-26 10:27:43 -0500"
    },
    "done": true
  },
  "notreepunching:flint_axe": {
    "criteria": {
      "has_the_recipe": "2024-05-26 10:27:43 -0500"
    },
    "done": true
  },
  "notreepunching:leather_from_leggings_with_knife": {
    "criteria": {
      "has_the_recipe": "2024-05-26 10:27:43 -0500"
    },
    "done": true
  },
  "incendium:technical/using/trailblazer": {
    "criteria": {
      "log_spam_fixer": "2024-05-26 10:27:47 -0500"
    },
    "done": false
  },
  "notreepunching:diamond_knife": {
    "criteria": {
      "has_the_recipe": "2024-05-26 10:27:43 -0500"
    },
    "done": true
  },
  "notreepunching:netherite_knife": {
    "criteria": {
      "has_the_recipe": "2024-05-26 10:27:43 -0500"
    },
    "done": true
  },
  "notreepunching:netherite_saw": {
    "criteria": {
      "has_the_recipe": "2024-05-26 10:27:43 -0500"
    },
    "done": true
  },
  "betterdungeons:root": {
    "criteria": {
      "always": "2024-05-26 10:27:45 -0500"
    },
    "done": true
  },
  "minecraft:adventure/adventuring_time": {
    "criteria": {
      "minecraft:beach": "2024-05-26 10:27:47 -0500"
    },
    "done": false
  },
  "incendium:technical/holy_wrath": {
    "criteria": {
      "log_spam_fixer": "2024-05-26 10:27:47 -0500"
    },
    "done": false
  },
  "incendium:technical/on_block": {
    "criteria": {
      "log_spam_fixer": "2024-05-26 10:27:47 -0500"
    },
    "done": false
  },
  "apotheosis:give_book": {
    "criteria": {
      "tick": "2024-05-26 10:27:45 -0500"
    },
    "done": true
  },
  "incendium:technical/using/shield": {
    "criteria": {
      "log_spam_fixer": "2024-05-26 10:27:47 -0500"
    },
    "done": false
  },
  "occultism:occultism/root": {
    "criteria": {
      "occultism_present": "2024-05-26 10:27:45 -0500"
    },
    "done": true
  },
  "notreepunching:andesite_cobblestone_stairs": {
    "criteria": {
      "has_the_recipe": "2024-05-26 10:27:43 -0500"
    },
    "done": true
  },
  "notreepunching:sticks_from_logs_with_flint_axe": {
    "criteria": {
      "has_the_recipe": "2024-05-26 10:27:43 -0500"
    },
    "done": true
  },
  "notreepunching:sticks_from_planks_with_flint_axe": {
    "criteria": {
      "has_the_recipe": "2024-05-26 10:27:43 -0500"
    },
    "done": true
  },
  "notreepunching:flint_from_gravel": {
    "criteria": {
      "has_the_recipe": "2024-05-26 10:27:43 -0500"
    },
    "done": true
  },
  "notreepunching:string_from_wool_with_knife": {
    "criteria": {
      "has_the_recipe": "2024-05-26 10:27:43 -0500"
    },
    "done": true
  },
  "notreepunching:iron_knife": {
    "criteria": {
      "has_the_recipe": "2024-05-26 10:27:43 -0500"
    },
    "done": true
  },
  "DataVersion": 3465
}